id,title,author,language,genres,favorite,isbn,cover,link,notes,added_at,checked,checked_at
baby-s-feelings-los-sentimientos-de-bebe,Baby's Feelings / Los Sentimientos de Bebé,,bilingual,Feelings & Social Skills,,9781684611980,covers/baby-s-feelings-los-sentimientos-de-bebe.jpg,https://www.amazon.com/dp/1684611989,Baby Firsts Bilingual series; photo board book.,2026-10-09T19:37:25Z,,
chiec-mieng-xinh-noi-loi-dep-khi-ra-ngoai,"Chiếc miệng xinh, nói lời đẹp – Khi ra ngoài",Kayo Takatera,vi,Feelings & Social Skills,,,covers/chiec-mieng-xinh-noi-loi-dep-khi-ra-ngoai.jpg,https://dinhtibooks.com.vn/chiec-mieng-xinh-noi-loi-dep---khi-ra-ngoai-dp5671.html,"Japanese ehon on polite words (one of 3 volumes), translated by Chi Chi. Out of stock at the publisher and on Tiki when checked.",2026-10-09T19:37:25Z,,
the-kindness-book,The Kindness Book,Todd Parr,en,Feelings & Social Skills,,9780316423816,covers/the-kindness-book.jpg,https://www.amazon.com/dp/0316423815,,2026-10-09T19:37:25Z,,
when-i-am-brave,When I Am Brave,,en,Feelings & Social Skills,,9781835321102,covers/when-i-am-brave.jpg,https://www.amazon.com/dp/1835321100,First Behaviors series (companion to First Feelings).,2026-10-09T19:37:25Z,,
when-i-am-calm,When I Am Calm,,en,Feelings & Social Skills,,9781835321157,covers/when-i-am-calm.jpg,https://www.amazon.com/dp/1835321151,First Behaviors series (companion to First Feelings).,2026-10-09T19:37:25Z,,
when-i-feel-angry,When I Feel Angry,,en,Feelings & Social Skills,,9781786287465,covers/when-i-feel-angry.jpg,https://www.amazon.com/dp/1786287463,First Feelings series.,2026-10-09T19:37:25Z,,
when-i-feel-happy,When I Feel Happy,,en,Feelings & Social Skills,,9781786287489,covers/when-i-feel-happy.jpg,https://www.amazon.com/dp/178628748X,First Feelings series.,2026-10-09T19:37:25Z,,
when-i-feel-loved,When I Feel Loved,,en,Feelings & Social Skills,,9781786287502,covers/when-i-feel-loved.jpg,https://www.amazon.com/dp/1786287501,First Feelings series. Two copies in the photo.,2026-10-09T19:37:25Z,,
when-i-feel-sad,When I Feel Sad,,en,Feelings & Social Skills,,9781786287472,covers/when-i-feel-sad.jpg,https://www.amazon.com/dp/1786287471,First Feelings series.,2026-10-09T19:37:25Z,,
when-i-feel-scared,When I Feel Scared,,en,Feelings & Social Skills,,9781786287458,covers/when-i-feel-scared.jpg,https://www.amazon.com/dp/1786287455,First Feelings series.,2026-10-09T19:37:25Z,,
when-i-feel-surprised,When I Feel Surprised,,en,Feelings & Social Skills,,9781786287496,covers/when-i-feel-surprised.jpg,https://www.amazon.com/dp/1786287498,First Feelings series.,2026-10-09T19:37:25Z,,
ai-o-sau-lung-ban-the,Ai ở sau lưng bạn thế?,Toshio Fukuda (accototo),vi,Animals & Nature,,,covers/ai-o-sau-lung-ban-the.jpg,https://quangvan.vn/product/ai-o-sau-lung-ban-the-5/,"Japanese ehon series ""Ai ở sau lưng bạn thế?"" (6 books), translated by Trần Bảo Ngọc. Book 1 (no subtitle).",2026-10-09T19:37:25Z,,
ai-o-sau-lung-ban-the-nhung-nguoi-ban-ben-bo-ho,Ai ở sau lưng bạn thế? – Những người bạn bên bờ hồ,Toshio Fukuda (accototo),vi,Animals & Nature,,,covers/ai-o-sau-lung-ban-the-nhung-nguoi-ban-ben-bo-ho.jpg,https://quangvan.vn/product/ai-o-sau-lung-ban-the-nhung-nguoi-ban-o-ben-bo-ho-5/,"Japanese ehon series ""Ai ở sau lưng bạn thế?"" (6 books), translated by Trần Bảo Ngọc.",2026-10-09T19:37:25Z,,
ai-o-sau-lung-ban-the-nhung-nguoi-ban-duoi-bien,Ai ở sau lưng bạn thế? – Những người bạn dưới biển,Toshio Fukuda (accototo),vi,Animals & Nature,,,covers/ai-o-sau-lung-ban-the-nhung-nguoi-ban-duoi-bien.jpg,https://quangvan.vn/product/ai-o-sau-lung-ban-the-nhung-nguoi-ban-duoi-bien-5/,"Japanese ehon series ""Ai ở sau lưng bạn thế?"" (6 books), translated by Trần Bảo Ngọc.",2026-10-09T19:37:25Z,,
ai-o-sau-lung-ban-the-nhung-nguoi-ban-o-hon-dao-phia-nam-nha,Ai ở sau lưng bạn thế? – Những người bạn ở hòn đảo phía Nam Nhật Bản,Toshio Fukuda (accototo),vi,Animals & Nature,,,covers/ai-o-sau-lung-ban-the-nhung-nguoi-ban-o-hon-dao-phia-nam-nha.jpg,https://quangvan.vn/product/ai-o-sau-lung-ban-the-nhung-nguoi-ban-o-hon-dao-phia-nam-nhat-ban-5/,"Japanese ehon series ""Ai ở sau lưng bạn thế?"" (6 books), translated by Trần Bảo Ngọc.",2026-10-09T19:37:25Z,,
ai-o-sau-lung-ban-the-nhung-nguoi-ban-tren-canh-dong,Ai ở sau lưng bạn thế? – Những người bạn trên cánh đồng,Toshio Fukuda (accototo),vi,Animals & Nature,,,covers/ai-o-sau-lung-ban-the-nhung-nguoi-ban-tren-canh-dong.jpg,https://quangvan.vn/product/ai-o-sau-lung-ban-the-nhung-nguoi-ban-tren-canh-dong-5/,"Japanese ehon series ""Ai ở sau lưng bạn thế?"" (6 books), translated by Trần Bảo Ngọc.",2026-10-09T19:37:25Z,,
ai-o-sau-lung-ban-the-nhung-nguoi-ban-tren-hoang-mac,Ai ở sau lưng bạn thế? – Những người bạn trên hoang mạc,Toshio Fukuda (accototo),vi,Animals & Nature,,,covers/ai-o-sau-lung-ban-the-nhung-nguoi-ban-tren-hoang-mac.jpg,https://quangvan.vn/product/ai-o-sau-lung-ban-the-nhung-nguoi-ban-tren-hoang-mac-5/,"Japanese ehon series ""Ai ở sau lưng bạn thế?"" (6 books), translated by Trần Bảo Ngọc.",2026-10-09T19:37:25Z,,
baby-s-very-first-slide-and-see-zoo,Baby's Very First Slide and See Zoo,Fiona Watt,en,Animals & Nature,,9781474921725,covers/baby-s-very-first-slide-and-see-zoo.jpg,https://www.amazon.com/dp/1474921728,Sliding panels. Baby's Very First series.,2026-10-09T19:37:25Z,,
chu-cua-tai-gioi,Chú cua tài giỏi,Barbara Bacchini,vi,Animals & Nature,,,covers/chu-cua-tai-gioi.jpg,https://tanvietbooks.vn/nhung-nguoi-ban-tot-chu-cua-tai-gioi,"Crab-shaped book from the 13-title series ""Những người bạn tốt"". Translated by Vân Anh; no separate illustrator credited.",2026-10-09T19:37:25Z,,
doan-xem-o-dau,Đoán xem ở đâu?,Guido van Genechten,vi,Animals & Nature,,,covers/doan-xem-o-dau.jpg,https://nhanam.vn/sach-do-vui-lat-gio-song-ngu-doan-xem-o-dau,"Lift-the-flap guessing book about where animals live; Vietnamese edition of ""Guess Where?"" (Clavis), translated by Xuân Nhật. The cover says bilingual (""song ngữ""), but no listing names the second language, so it is filed as Vietnamese.",2026-10-09T19:37:25Z,,
ech-xanh-hat-hay,Ếch xanh hát hay,Barbara Bacchini,vi,Animals & Nature,,,covers/ech-xanh-hat-hay.jpg,https://tanvietbooks.vn/nhung-nguoi-ban-tot-ech-xanh-hat-hay,"Frog-shaped book from the 13-title series ""Những người bạn tốt"". Translated by Vân Anh; no separate illustrator credited.",2026-10-09T19:37:25Z,,
nhung-nguoi-ban-khong-lo,Những người bạn khổng lồ,Heather Brown,vi,Animals & Nature,,,covers/nhung-nguoi-ban-khong-lo.jpg,https://adcbookiz.vn/u-oa-mo-ra-nhung-nguoi-ban-khong-lo,"Series ""Ú òa, mở ra!"" (3 books): die-cut pages that open out. Translated by Thu Nga; no separate illustrator credited.",2026-10-09T19:37:25Z,,
the-very-hungry-caterpillar-s-vegetable-garden-a-search-and,The Very Hungry Caterpillar's Vegetable Garden: A Search-and-Find Book,Eric Carle,en,Animals & Nature,,9780593888018,covers/the-very-hungry-caterpillar-s-vegetable-garden-a-search-and.jpg,https://www.amazon.com/dp/0593888014,"Search-and-find. On the Dolly Parton's Imagination Library 2026 list, so your copy may be that program's printing; the retail edition is linked.",2026-10-09T19:37:25Z,,
where-s-mrs-tiger,Where's Mrs Tiger?,Ingela P Arrhenius,en,Animals & Nature,,9781788007504,covers/where-s-mrs-tiger.jpg,https://www.amazon.com/dp/1788007506,Felt Flaps series: felt flaps and a mirror. UK edition.,2026-10-09T19:37:25Z,,
who-says-quack,Who Says Quack?,,en,Animals & Nature,,9780448401232,covers/who-says-quack.jpg,https://www.amazon.com/dp/0448401231,"A Pudgy Board Book with animal photos; the publisher names no author or photographer. On the Dolly Parton's Imagination Library list, so your copy may be that program's printing; the retail edition is linked.",2026-10-09T19:37:25Z,,
xoay-xoay-xoay-di-tim-vuon-thu,Xoay xoay xoay – Đi tìm… – Vườn thú,,vi,Animals & Nature,,,covers/xoay-xoay-xoay-di-tim-vuon-thu.jpg,https://dinhtibooks.com.vn/xoay-xoay-xoay---di-tim---vuon-thu-dp6334.html,Turn-the-wheel board book about zoo animals. Only an illustrator is credited (no text author); translated by Đăng Ngọc.,2026-10-09T19:37:25Z,,
goodnight-chairlift-a-bedtime-story-for-little-skiers-and-sn,Goodnight Chairlift: A Bedtime Story for Little Skiers and Snowboarders,Libby Ludlow,en,Bedtime,,9781733211314,covers/goodnight-chairlift-a-bedtime-story-for-little-skiers-and-sn.jpg,https://www.amazon.com/dp/1733211314,,2026-10-09T19:37:25Z,,
goodnight-goodnight-construction-site,"Goodnight, Goodnight, Construction Site",Sherri Duskey Rinker,en,Bedtime,,9781452111735,covers/goodnight-goodnight-construction-site.jpg,https://www.amazon.com/dp/1452111731,,2026-10-09T19:37:25Z,,
truyen-ke-truoc-khi-ngu-phat-trien-tri-tue,Truyện kể trước khi ngủ – Phát triển trí tuệ,Trình Dục Hoa; Trương Du,vi,Bedtime,,,covers/truyen-ke-truoc-khi-ngu-phat-trien-tri-tue.jpg,https://tiki.vn/truyen-ke-truoc-khi-ngu-phat-trien-tri-tue-tai-ban-2022-p182851145.html,"Bedtime story collection (124 pages), translated by Đỗ Lan Phương; no illustrator credited. One volume of a themed series.",2026-10-09T19:37:25Z,,
dragons-love-tacos,Dragons Love Tacos,Adam Rubin,en,Stories & Picture Books,,9780803736801,covers/dragons-love-tacos.jpg,https://www.amazon.com/dp/0803736800,,2026-10-09T19:37:25Z,,
hat-de-tron-tim,Hạt Dẻ trốn tìm,Chip; Bool,vi,Stories & Picture Books,,,covers/hat-de-tron-tim.jpg,https://nxbkimdong.com.vn/meo-meo-be-meo-tot-bung-hat-de-tron-tim,"Lift-the-flap story from the series ""Meo Meo bé mèo tốt bụng"" (5 books). Original Vietnamese title.",2026-10-09T19:37:25Z,,
i-love-boba,I Love Boba!,Katrina Liu,en,Stories & Picture Books,,9781953281043,covers/i-love-boba.jpg,https://www.amazon.com/dp/1953281044,,2026-10-09T19:37:25Z,,
magpie-magic-a-tale-of-colorful-mischief,Magpie Magic: A Tale of Colorful Mischief,April Wilson,en,Stories & Picture Books,,9780803723542,covers/magpie-magic-a-tale-of-colorful-mischief.jpg,https://www.amazon.com/dp/0803723547,Wordless picture book; out of print.,2026-10-09T19:37:25Z,,
once-there-was-a-boy-boxed-set,Once There Was a Boy… Boxed Set,Oliver Jeffers,en,Stories & Picture Books,,9780399171093,covers/once-there-was-a-boy-boxed-set.jpg,https://www.amazon.com/dp/0399171096,"Slipcase holding three mini hardcovers: How to Catch a Star, The Way Back Home, and Lost and Found.",2026-10-09T19:37:25Z,,
still-stuck,Still Stuck,Shinsuke Yoshitake,en,Stories & Picture Books,,9781419726996,covers/still-stuck.jpg,https://www.amazon.com/dp/1419726994,,2026-10-09T19:37:25Z,,
the-giving-tree,The Giving Tree,Shel Silverstein,en,Stories & Picture Books,,9780060256654,covers/the-giving-tree.jpg,https://www.amazon.com/dp/0060256656,,2026-10-09T19:37:25Z,,
the-little-engine-that-could-90th-anniversary-edition,The Little Engine That Could: 90th Anniversary Edition,Watty Piper,en,Stories & Picture Books,,9780593094396,covers/the-little-engine-that-could-90th-anniversary-edition.jpg,https://www.amazon.com/dp/0593094395,"Introduction by Dolly Parton. Your copy is the Dolly Parton's Imagination Library printing (ISBN 9780593222805, seal on the cover), which isn't sold in shops; the link and image are the retail version of the same edition.",2026-10-09T19:37:25Z,,
the-lorax,The Lorax,Dr. Seuss,en,Stories & Picture Books,,9780394823379,covers/the-lorax.jpg,https://www.amazon.com/dp/0394823370,,2026-10-09T19:37:25Z,,
the-rainbow-fish,The Rainbow Fish,Marcus Pfister,en,Stories & Picture Books,,9781558585362,covers/the-rainbow-fish.jpg,https://www.amazon.com/dp/1558585362,Board-book adaptation; translated from German by J. Alison James.,2026-10-09T19:37:25Z,,
the-sneetches-and-other-stories,The Sneetches and Other Stories,Dr. Seuss,en,Stories & Picture Books,,9780394800899,covers/the-sneetches-and-other-stories.jpg,https://www.amazon.com/dp/0394800893,,2026-10-09T19:37:25Z,,
the-story-of-ferdinand,The Story of Ferdinand,Munro Leaf,en,Stories & Picture Books,,9780670674244,covers/the-story-of-ferdinand.jpg,https://www.amazon.com/dp/0670674249,"Linked to the Viking hardcover; the Puffin paperback has the same cover, and the photo can't tell them apart.",2026-10-09T19:37:25Z,,
the-very-hungry-caterpillar,The Very Hungry Caterpillar,Eric Carle,en,Stories & Picture Books,,9780399226908,covers/the-very-hungry-caterpillar.jpg,https://www.amazon.com/dp/0399226907,,2026-10-09T19:37:25Z,,
where-s-spot,Where's Spot?,Eric Hill,en,Stories & Picture Books,,9780399240461,covers/where-s-spot.jpg,https://www.amazon.com/dp/0399240462,"Lift-the-flap board book. The store's catalogue image shows an older design, so the picture here is a buyer's photo of the blue cover you have.",2026-10-09T19:37:25Z,,
su-tich-chu-cuoi-the-legend-of-cuoi-the-man-on-the-moon,"Sự tích chú Cuội – The Legend of Cuội, the Man on the Moon",,bilingual,Folk & Fairy Tales,,9781736409817,covers/su-tich-chu-cuoi-the-legend-of-cuoi-the-man-on-the-moon.jpg,https://www.amazon.com/dp/1736409816,Bilingual retelling of the Mid-Autumn (Trung Thu) legend; listings give the publisher as author. Linked to the hardcover; the paperback has the same cover.,2026-10-09T19:37:25Z,,
the-three-billy-goats-gruff,The Three Billy Goats Gruff,Traditional Norwegian folk tale,en,Folk & Fairy Tales,,9780694010332,covers/the-three-billy-goats-gruff.jpg,https://www.amazon.com/dp/0694010332,"Harper Growing Tree series. No reteller is named: the cover credits only ""Pictures by Stephen Carpenter"", and retailers list him as the author.",2026-10-09T19:37:25Z,,
alphabet-word-book-be-tu-hoc-tu-dien-anh-viet,Alphabet Word Book – Bé tự học Từ điển Anh - Việt,Nhiều tác giả (various authors),bilingual,First Words & Concepts,,,covers/alphabet-word-book-be-tu-hoc-tu-dien-anh-viet.jpg,https://tanvietbooks.vn/but-cham-doc-hoc-tieng-anh-tan-viet-phien-ban-6-cuon-bia-mem,"Book 3 of Tân Việt's talking-pen set ""Bút chấm đọc – Học tiếng Anh""; not sold on its own, so the link is the 6-book set. Translated by Như Lê. The picture is the 2023 printing: same artwork, without the red ""3"" on your copy.",2026-10-09T19:37:25Z,,
rainbow-colors-peekaboo,Rainbow Colors Peekaboo!,Dawn Sirett (DK),en,First Words & Concepts,,9780756637606,covers/rainbow-colors-peekaboo.jpg,https://www.amazon.com/dp/0756637600,"Touch-and-feel, lift-the-flap photo book; the cover credits only DK (catalogues name Dawn Sirett for the text). Your copy has the sunflower cover with US spelling, probably the Dolly Parton's Imagination Library printing. The picture is the UK edition with that same artwork (""Colours""); the linked US retail edition has a different flower on the cover.",2026-10-09T19:37:25Z,,
richard-scarry-s-100-first-words,Richard Scarry's 100 First Words,Richard Scarry,en,First Words & Concepts,,9780593434260,covers/richard-scarry-s-100-first-words.jpg,https://www.amazon.com/dp/0593434269,,2026-10-09T19:37:25Z,,
roald-dahl-colors,Roald Dahl Colors,Roald Dahl,en,First Words & Concepts,,9780593464120,covers/roald-dahl-colors.jpg,https://www.amazon.com/dp/0593464125,,2026-10-09T19:37:25Z,,
sach-am-thanh-be-hoc-noi,Sách âm thanh – Bé học nói,Minh Trang,vi,First Words & Concepts,,,covers/sach-am-thanh-be-hoc-noi.jpg,https://tiki.vn/sach-am-thanh-be-hoc-noi-p271312155.html,Special edition with the attached 30-button phone-shaped sound module.,2026-10-09T19:37:25Z,,
the-pudgy-where-is-your-nose-book,The Pudgy Where Is Your Nose? Book,,en,First Words & Concepts,,9780593092880,covers/the-pudgy-where-is-your-nose-book.jpg,https://www.amazon.com/dp/0593092880,Pudgy Board Books. Linked to the square printing that matches your copy (probably the Dolly Parton's Imagination Library one); the regular shop edition has a wavy die-cut edge.,2026-10-09T19:37:25Z,,
be-sings-and-learns-vietnamese,Bé Sings and Learns Vietnamese,Tam Le; Hanh Nguyen,bilingual,Songs & Nursery Rhymes,,,covers/be-sings-and-learns-vietnamese.jpg,https://www.amazon.com/dp/B0DKFZ2SH9,Push-button sound book with six Vietnamese children's songs and English translations. Creators as listed by Asia Book Center; no illustrator is named.,2026-10-09T19:37:25Z,,
brrrum-brrrum-brrrum-zoom-zoom-zoom,"Brrrum, brrrum, brrrum! / Zoom, Zoom, Zoom!",Traditional rhyme,bilingual,Songs & Nursery Rhymes,,9781786285782,covers/brrrum-brrrum-brrrum-zoom-zoom-zoom.jpg,https://www.amazon.com/dp/1786285789,Baby Rhyme Time series (Spanish/English); Spanish text by Yanitzia Canetti.,2026-10-09T19:37:25Z,,
eric-carle-s-twinkle-twinkle-little-star-and-other-nursery-r,"Eric Carle's Twinkle, Twinkle, Little Star and Other Nursery Rhymes: A Lift-the-Flap Book",Eric Carle,en,Songs & Nursery Rhymes,,9780593224311,covers/eric-carle-s-twinkle-twinkle-little-star-and-other-nursery-r.jpg,https://www.amazon.com/dp/0593224310,Lift-the-flap; five rhymes.,2026-10-09T19:37:25Z,,
cruelty-bites,Cruelty Bites,Ellen Duthie,en,Philosophy & Big Questions,,9788494316715,covers/cruelty-bites.jpg,https://www.amazon.com/dp/8494316710,"Wonder Ponder ""Visual Philosophy for Children"" box no. 1 (on cruelty). A box of illustrated scene cards with questions, not a bound book.",2026-10-09T19:37:25Z,,
i-person,"I, Person",Ellen Duthie,en,Philosophy & Big Questions,,9788494316739,covers/i-person.jpg,https://www.amazon.com/dp/8494316737,"Wonder Ponder box no. 2 (on personal identity). Scene cards with questions, not a bound book.",2026-10-09T19:37:25Z,,
pinch-me,Pinch Me!,Ellen Duthie,en,Philosophy & Big Questions,,9788494870903,covers/pinch-me.jpg,https://www.amazon.com/dp/8494870904,"Wonder Ponder box no. 4 (on reality, imagination and dreams). Scene cards with questions, not a bound book. Cover image is an earlier printing: same art, tagline reads ""for Children"" where yours reads ""for All Ages"".",2026-10-09T19:37:25Z,,
whatever-you-want,Whatever You Want,Ellen Duthie,en,Philosophy & Big Questions,,9788494316753,covers/whatever-you-want.jpg,https://www.amazon.com/dp/8494316753,"Wonder Ponder box no. 3 (on freedom). Scene cards with questions, not a bound book.",2026-10-09T19:37:25Z,,
conejito-a-conejito-cantame-tu-cancion,Conejito a Conejito: Cántame Tu Canción,Megan McClelland; Jill Shinderman; Janna Pahnke; Catherine de Lange,other,Family & Love,,,covers/conejito-a-conejito-cantame-tu-cancion.jpg,https://learn.zerotothree.org/products/conejito-a-conejito-cantame-tu-cancion,"Spanish edition of ""Bunny to Bunny: Sing Me Your Song"". Authors and publisher are from the English edition's listing; no page names an illustrator or translator. Sold through ZERO TO THREE (not on Amazon).",2026-10-09T19:37:25Z,,
my-family,My Family,,en,Family & Love,,9780989893435,covers/my-family.jpg,https://www.amazon.com/dp/098989343X,Active Baby series; photo board book. The listing credits the publisher as author and Paige Satterly as illustrator.,2026-10-09T19:37:25Z,,
tad-and-dad,Tad and Dad,David Ezra Stein,en,Family & Love,,9780593111277,covers/tad-and-dad.jpg,https://www.amazon.com/dp/0593111273,"Your copy is the Dolly Parton's Imagination Library printing (ISBN 9780593531174, seal on the cover), which isn't sold in shops; the link is the retail board book with the same cover.",2026-10-09T19:37:25Z,,
you-re-my-little-baby-a-touch-and-feel-book,You're My Little Baby: A Touch-and-Feel Book,Eric Carle,en,Family & Love,,9781534474932,covers/you-re-my-little-baby-a-touch-and-feel-book.jpg,https://www.amazon.com/dp/1534474935,Touch-and-feel board book.,2026-10-09T19:37:25Z,,
baby-s-very-first-slide-and-see-christmas,Baby's Very First Slide and See Christmas,Fiona Watt,en,Holidays & Celebrations,,9781474936668,covers/baby-s-very-first-slide-and-see-christmas.jpg,https://www.amazon.com/dp/1474936660,Sliding panels. Baby's Very First series.,2026-10-09T19:37:25Z,,
happy-birthday-to-you-personalized-for-felix,Happy Birthday To You (personalized for Felix),,en,Holidays & Celebrations,,,covers/happy-birthday-to-you-personalized-for-felix.jpg,https://www.amazon.com/dp/B085TQHL4L,"Wonderbly personalized first-birthday book; your cover reads ""Happy 1 Birthday to Felix"". Each copy is printed to order, so no store picture shows this exact cover and the image is cropped from your photo. Also on wonderbly.com.",2026-10-09T19:37:25Z,,
mau-cua-tet-the-colors-of-tet,Màu của Tết – The Colors of Tết,Ha Huyen,bilingual,Holidays & Celebrations,,9781736409800,covers/mau-cua-tet-the-colors-of-tet.jpg,https://www.amazon.com/dp/1736409808,Bilingual board book about colors and Vietnamese New Year; translated by Duong Thi Thu Huyen (Jenny). Names are printed without diacritics on the book.,2026-10-09T19:37:25Z,,
co-the-tuyet-dieu,Cơ thể tuyệt diệu,Campbell Books,vi,Body & Health,,,covers/co-the-tuyet-dieu.jpg,https://dinhtibooks.com.vn/lift-the-flap-lat-mo-kham-pha---nhung-kien-thuc-dau-doi---co-the-tuyet-dieu-dp5618.html,"Lift-the-flap board book, series ""Lật mở khám phá – Những kiến thức đầu đời"". Vietnamese edition of ""Brilliant Body"" (Campbell Books), translated by Thành Đạt.",2026-10-09T19:37:25Z,,
everyone-poops,Everyone Poops,Taro Gomi,en,Body & Health,,9781797202648,covers/everyone-poops.jpg,https://www.amazon.com/dp/1797202642,Translated from Japanese.,2026-10-09T19:37:25Z,,
my-feet-go,My Feet Go,Ammi-Joan Paquette,en,Body & Health,,9780593660461,covers/my-feet-go.jpg,https://www.amazon.com/dp/0593660463,"Body Power series. On the Dolly Parton's Imagination Library list, so your copy may be that program's printing; the retail edition is linked.",2026-10-09T19:37:25Z,,
means-of-transportation-water-painting-book-for-children,Means of Transportation: Water Painting Book for Children,,en,Activity & Play,,,covers/means-of-transportation-water-painting-book-for-children.jpg,https://www.amazon.com/dp/B0H8754XMK,"Reusable paint-with-water book with a water pen. Found only as one book of a 4-pack (Animal World, Sea World, Daily Life, Means of Transportation) sold under several seller brands; the link is one of those listings.",2026-10-09T19:37:25Z,,
my-first-book-busy-farm,My First Book: Busy Farm,,en,Activity & Play,,,covers/my-first-book-busy-farm.jpg,https://myfirstbook.us/products/my-first-book-busy-farm,"Fabric busy book (quiet book) with 16 pages of activities, sold with a cow-shaped backpack. A toy-brand product, so it has no author or ISBN.",2026-10-09T19:37:25Z,,
play-with-me,Play with Me,Kat Chen,en,Activity & Play,,9780593659717,covers/play-with-me.jpg,https://www.amazon.com/dp/0593659716,"A Playdate Book series. On the Dolly Parton's Imagination Library list, so your copy may be that program's printing; the retail edition is linked.",2026-10-09T19:37:25Z,,
